-- Sample INSERT statements for the ESTUDIANTE table
INSERT INTO ESTUDIANTE (
CODIGO, PROYECTO, SEMESTRE, TIPO_DOCUMENTO, DOCUMENTO, NOMBRES, APELLIDOS, CORREO, DIRECCION, MUNICIPIO, COSTO_SEM, INGRESOS, PROMEDIO_PONDERADO, ASIG_PERDIDAS_SEM_PASADO, NUM_CREDITOS, ESTADO, USUARIO
) VALUES (
    '1', 'Computer Science', '5', 'CC', '1234567890', 'John', 'Doe', 'john@example.com', '123 Main St', 'City A', 500000, 2000000.00, 3.75, 0, 16, 'ACTIVO', ''
);

INSERT INTO ESTUDIANTE (
    CODIGO, PROYECTO, SEMESTRE, TIPO_DOCUMENTO, DOCUMENTO, NOMBRES, APELLIDOS, CORREO, DIRECCION, MUNICIPIO, COSTO_SEM, INGRESOS, PROMEDIO_PONDERADO, ASIG_PERDIDAS_SEM_PASADO, NUM_CREDITOS, ESTADO, USUARIO
) VALUES (
    '2', 'Electrical Engineering', '3', 'TI', '9876543210', 'Jane', 'Smith', 'jane@example.com', '456 Elm St', 'City B', 450000, 1500000.50, 3.40, 1, 15, 'ACTIVO', ''
);

INSERT INTO ESTUDIANTE (
    CODIGO, PROYECTO, SEMESTRE, TIPO_DOCUMENTO, DOCUMENTO, NOMBRES, APELLIDOS, CORREO, DIRECCION, MUNICIPIO, COSTO_SEM, INGRESOS, PROMEDIO_PONDERADO, ASIG_PERDIDAS_SEM_PASADO, NUM_CREDITOS, ESTADO, USUARIO
) VALUES (
    '3', 'Mechanical Engineering', '4', 'CC', '4567890123', 'Robert', 'Johnson', 'robert@example.com', '789 Oak St', 'City C', 480000, 1800000.75, 3.60, 0, 17, 'ACTIVO', ''
);

INSERT INTO ESTUDIANTE (
    CODIGO, PROYECTO, SEMESTRE, TIPO_DOCUMENTO, DOCUMENTO, NOMBRES, APELLIDOS, CORREO, DIRECCION, MUNICIPIO, COSTO_SEM, INGRESOS, PROMEDIO_PONDERADO, ASIG_PERDIDAS_SEM_PASADO, NUM_CREDITOS, ESTADO, USUARIO
) VALUES (
    '4', 'Business Administration', '6', 'CC', '2345678901', 'Maria', 'Garcia', 'maria@example.com', '567 Pine St', 'City D', 550000, 2100000.25, 3.85, 0, 14, 'ACTIVO', ''
);

INSERT INTO ESTUDIANTE (
    CODIGO, PROYECTO, SEMESTRE, TIPO_DOCUMENTO, DOCUMENTO, NOMBRES, APELLIDOS, CORREO, DIRECCION, MUNICIPIO, COSTO_SEM, INGRESOS, PROMEDIO_PONDERADO, ASIG_PERDIDAS_SEM_PASADO, NUM_CREDITOS, ESTADO, USUARIO
) VALUES (
    '5', 'Civil Engineering', '5', 'CC', '3456789012', 'Michael', 'Brown', 'michael@example.com', '678 Cedar St', 'City E', 520000, 1900000.00, 3.70, 1, 16, 'ACTIVO', ''
);

INSERT INTO ESTUDIANTE (
    CODIGO, PROYECTO, SEMESTRE, TIPO_DOCUMENTO, DOCUMENTO, NOMBRES, APELLIDOS, CORREO, DIRECCION, MUNICIPIO, COSTO_SEM, INGRESOS, PROMEDIO_PONDERADO, ASIG_PERDIDAS_SEM_PASADO, NUM_CREDITOS, ESTADO, USUARIO
) VALUES (
    '6', 'Medicine', '7', 'CC', '4567890123', 'Anna', 'Williams', 'anna@example.com', '789 Birch St', 'City F', 600000, 2200000.50, 3.95, 0, 18, 'ACTIVO', ''
);

INSERT INTO ESTUDIANTE (
    CODIGO, PROYECTO, SEMESTRE, TIPO_DOCUMENTO, DOCUMENTO, NOMBRES, APELLIDOS, CORREO, DIRECCION, MUNICIPIO, COSTO_SEM, INGRESOS, PROMEDIO_PONDERADO, ASIG_PERDIDAS_SEM_PASADO, NUM_CREDITOS, ESTADO, USUARIO
) VALUES (
    '7', 'Psychology', '4', 'CC', '5678901234', 'David', 'Miller', 'david@example.com', '890 Willow St', 'City G', 480000, 1700000.75, 3.50, 2, 14, 'ACTIVO', ''
);

INSERT INTO ESTUDIANTE (
    CODIGO, PROYECTO, SEMESTRE, TIPO_DOCUMENTO, DOCUMENTO, NOMBRES, APELLIDOS, CORREO, DIRECCION, MUNICIPIO, COSTO_SEM, INGRESOS, PROMEDIO_PONDERADO, ASIG_PERDIDAS_SEM_PASADO, NUM_CREDITOS, ESTADO, USUARIO
) VALUES (
    '8', 'Physics', '6', 'TI', '6789012345', 'Laura', 'Davis', 'laura@example.com', '901 Redwood St', 'City H', 540000, 2000000.00, 3.80, 1, 15, 'ACTIVO', ''
);

INSERT INTO ESTUDIANTE (
    CODIGO, PROYECTO, SEMESTRE, TIPO_DOCUMENTO, DOCUMENTO, NOMBRES, APELLIDOS, CORREO, DIRECCION, MUNICIPIO, COSTO_SEM, INGRESOS, PROMEDIO_PONDERADO, ASIG_PERDIDAS_SEM_PASADO, NUM_CREDITOS, ESTADO, USUARIO
) VALUES (
    '9', 'Chemistry', '5', 'CC', '7890123456', 'James', 'Wilson', 'james@example.com', '123 Sequoia St', 'City I', 530000, 1950000.25, 3.65, 0, 16, 'ACTIVO', ''
);

INSERT INTO ESTUDIANTE (
    CODIGO, PROYECTO, SEMESTRE, TIPO_DOCUMENTO, DOCUMENTO, NOMBRES, APELLIDOS, CORREO, DIRECCION, MUNICIPIO, COSTO_SEM, INGRESOS, PROMEDIO_PONDERADO, ASIG_PERDIDAS_SEM_PASADO, NUM_CREDITOS, ESTADO, USUARIO
) VALUES (
    '10', 'Biology', '4', 'CC', '8901234567', 'Sophia', 'Martinez', 'sophia@example.com', '456 Oak St', 'City J', 500000, 1850000.50, 3.55, 1, 17, 'ACTIVO', ''
);

-- Insert for RESPONSABLE #1
INSERT INTO RESPONSABLE (
    DOCUMENTO, TIPO_DOCUMENTO, NOMBRES, APELLIDOS, TELEFONO, DIRECCION, USUARIO
) VALUES (
    '1234567890', 'CC', 'John', 'Doe', '1234567890', '123 Main St', ''
);

-- Insert for RESPONSABLE #2
INSERT INTO RESPONSABLE (
    DOCUMENTO, TIPO_DOCUMENTO, NOMBRES, APELLIDOS, TELEFONO, DIRECCION, USUARIO
) VALUES (
    '2345678901', 'CC', 'Maria', 'Garcia', '2345678901', '456 Elm St', ''
);

-- Insert for RESPONSABLE #3
INSERT INTO RESPONSABLE (
    DOCUMENTO, TIPO_DOCUMENTO, NOMBRES, APELLIDOS, TELEFONO, DIRECCION, USUARIO
) VALUES (
    '3456789012', 'CC', 'Michael', 'Brown', '3456789012', '789 Oak St', ''
);

-- Insert for TIPO #1
INSERT INTO TIPO (
    ID_TIPO, NOMBRE, PUNTAJE_MAX
) VALUES (
    '1', 'Ingesos Familiares', 30
);

-- Insert for TIPO #2
INSERT INTO TIPO (
    ID_TIPO, NOMBRE, PUNTAJE_MAX
) VALUES (
    '2', 'Condiciones Familiares', 20
);

-- Insert for TIPO #3
INSERT INTO TIPO (
    ID_TIPO, NOMBRE, PUNTAJE_MAX
) VALUES (
    '3', 'Procedencia y Lugar de Residencia', 20
);
-- Insert for TIPO #3
INSERT INTO TIPO (
    ID_TIPO, NOMBRE, PUNTAJE_MAX
) VALUES (
    '4', 'Condiciones de Salud', 10
);
-- Insert for TIPO #3
INSERT INTO TIPO (
    ID_TIPO, NOMBRE, PUNTAJE_MAX
) VALUES (
    '5', 'Rango de Matricula', 20
);

-- Insert for CONVOCATORIA #1
INSERT INTO CONVOCATORIA (
    ID_CONVOCATORIA, FECHA_I_CONV, FECHA_I_INSC, FECHA_I_VERIF, FECHA_I_PUBL, FECHA_I_CUMP,
    FECHA_F_CUMP, PERIODO, ESTADO, VALOR_X_ALMUERZO
) VALUES (
    '1', TO_DATE('2024-02-01', 'YYYY-MM-DD'), TO_DATE('2024-03-01', 'YYYY-MM-DD'), TO_DATE('2024-03-15', 'YYYY-MM-DD'),
    TO_DATE('2024-03-20', 'YYYY-MM-DD'), TO_DATE('2024-04-01', 'YYYY-MM-DD'), TO_DATE('2024-04-30', 'YYYY-MM-DD'),
    '2024A', 'SIN_INICIAR', 3500
);

-- Insert for CONVOCATORIA #2
INSERT INTO CONVOCATORIA (
    ID_CONVOCATORIA, FECHA_I_CONV, FECHA_I_INSC, FECHA_I_VERIF, FECHA_I_PUBL, FECHA_I_CUMP,
    FECHA_F_CUMP, PERIODO, ESTADO, VALOR_X_ALMUERZO
) VALUES (
    '2', TO_DATE('2023-07-01', 'YYYY-MM-DD'), TO_DATE('2023-07-10', 'YYYY-MM-DD'), TO_DATE('2023-07-15', 'YYYY-MM-DD'),
    TO_DATE('2023-07-20', 'YYYY-MM-DD'), TO_DATE('2023-08-01', 'YYYY-MM-DD'), TO_DATE('2023-12-31', 'YYYY-MM-DD'),
    '2023B', 'INSCRIPCION', 3700
);

-- Insert for CONVOCATORIA #3
INSERT INTO CONVOCATORIA (
    ID_CONVOCATORIA, FECHA_I_CONV, FECHA_I_INSC, FECHA_I_VERIF, FECHA_I_PUBL, FECHA_I_CUMP,
    FECHA_F_CUMP, PERIODO, ESTADO, VALOR_X_ALMUERZO
) VALUES (
    '3', TO_DATE('2023-01-01', 'YYYY-MM-DD'), TO_DATE('2023-01-10', 'YYYY-MM-DD'), TO_DATE('2023-01-15', 'YYYY-MM-DD'),
    TO_DATE('2023-01-20', 'YYYY-MM-DD'), TO_DATE('2023-02-01', 'YYYY-MM-DD'), TO_DATE('2023-06-30', 'YYYY-MM-DD'),
    '2023A', 'TERMINADA', 3600
);

-- Insert for CONDICION #1 (FK_ID_TIPO = 1)
INSERT INTO CONDICION (ID_CONDICION, NOMBRE, PUNTAJE, FK_ID_TIPO)
VALUES ('1', '0-1.0 SMMLV', 30, 1);

-- Insert for CONDICION #2 (FK_ID_TIPO = 1)
INSERT INTO CONDICION (ID_CONDICION, NOMBRE, PUNTAJE, FK_ID_TIPO)
VALUES ('2', '>1.1-2.0SMMLV ', 20, 1);

-- Insert for CONDICION #3 (FK_ID_TIPO = 1)
INSERT INTO CONDICION (ID_CONDICION, NOMBRE, PUNTAJE, FK_ID_TIPO)
VALUES ('3', '>2.1-3.0SMMLV ', 10, 1);

-- Insert for CONDICION #4 (FK_ID_TIPO = 1)
INSERT INTO CONDICION (ID_CONDICION, NOMBRE, PUNTAJE, FK_ID_TIPO)
VALUES ('4', '>3.1 - 4.0 SMMLV ', 5, 1);
-- Insert for CONDICION #5 (FK_ID_TIPO = 1)
INSERT INTO CONDICION (ID_CONDICION, NOMBRE, PUNTAJE, FK_ID_TIPO)
VALUES ('5', '>4.1 SMMLV ', 0, 1);

-- Insert for CONDICION #1 (FK_ID_TIPO = 2)
INSERT INTO CONDICION (ID_CONDICION, NOMBRE, PUNTAJE, FK_ID_TIPO)
VALUES ('6', 'Sostiene el hogar donde vive ', 5, 2);

-- Insert for CONDICION #2 (FK_ID_TIPO = 2)
INSERT INTO CONDICION (ID_CONDICION, NOMBRE, PUNTAJE, FK_ID_TIPO)
VALUES ('7', 'Se sostiene así mismo', 5, 2);

-- Insert for CONDICION #3 (FK_ID_TIPO = 2)
INSERT INTO CONDICION (ID_CONDICION, NOMBRE, PUNTAJE, FK_ID_TIPO)
VALUES ('8', 'Vive fuera del núcleo familiar inmediato', 4, 2);

-- Insert for CONDICION #4 (FK_ID_TIPO = 2)
INSERT INTO CONDICION (ID_CONDICION, NOMBRE, PUNTAJE, FK_ID_TIPO)
VALUES ('9', 'Tiene cónyuge, hijos u otras personas a su cargo ', 6, 2);

-- Insert for CONDICION #1 (FK_ID_TIPO = 3)
INSERT INTO CONDICION (ID_CONDICION, NOMBRE, PUNTAJE, FK_ID_TIPO)
VALUES ('10', 'Vive en casa del empleador', 5, 3);

-- Insert for CONDICION #2 (FK_ID_TIPO = 3)
INSERT INTO CONDICION (ID_CONDICION, NOMBRE, PUNTAJE, FK_ID_TIPO)
VALUES ('11', 'Condición de desplazamiento forzado, Procedencia y lugar de residencia indígena, minorías étnicas y culturales ó proviene de municipios distintos a Bogotá ', 5, 3);

-- Insert for CONDICION #3 (FK_ID_TIPO = 3)
INSERT INTO CONDICION (ID_CONDICION, NOMBRE, PUNTAJE, FK_ID_TIPO)
VALUES ('12', 'Reside en zonas de alto grado de vulnerabilidad social y económica, ó reside en estrato 1,2 y 3', 10, 3);

-- Insert for CONDICION #4 (FK_ID_TIPO = 3)
INSERT INTO CONDICION (ID_CONDICION, NOMBRE, PUNTAJE, FK_ID_TIPO)
VALUES ('13', 'Presenta algún tipo de discapacidad física o mental', 5, 4);


-- Insert for CONDICION #4 (FK_ID_TIPO = 3)
INSERT INTO CONDICION (ID_CONDICION, NOMBRE, PUNTAJE, FK_ID_TIPO)
VALUES ('14', 'Sufre alguna patología o sintomatología 5 asociada con problemas de alimentación', 5, 4);

-- Insert for CONDICION #1 (FK_ID_TIPO = 5)
INSERT INTO CONDICION (ID_CONDICION, NOMBRE, PUNTAJE, FK_ID_TIPO)
VALUES ('15', 'Entre O y 100.000', 20, 5);

-- Insert for CONDICION #2 (FK_ID_TIPO = 5)
INSERT INTO CONDICION (ID_CONDICION, NOMBRE, PUNTAJE, FK_ID_TIPO)
VALUES ('16', 'Entre 100.001 y 300.000', 16, 5);

-- Insert for CONDICION #3 (FK_ID_TIPO = 5)
INSERT INTO CONDICION (ID_CONDICION, NOMBRE, PUNTAJE, FK_ID_TIPO)
VALUES ('17', 'Entre 300.001 y 500.000', 12, 5);

-- Insert for CONDICION #4 (FK_ID_TIPO = 5)
INSERT INTO CONDICION (ID_CONDICION, NOMBRE, PUNTAJE, FK_ID_TIPO)
VALUES ('18', 'Entre 500.001 y 700.000', 8, 5);

-- Insert for CONDICION #4 (FK_ID_TIPO = 5)
INSERT INTO CONDICION (ID_CONDICION, NOMBRE, PUNTAJE, FK_ID_TIPO)
VALUES ('19', 'Entre 700.001 y 900.000', 4, 5);

-- Insert for CONDICION #4 (FK_ID_TIPO = 5)
INSERT INTO CONDICION (ID_CONDICION, NOMBRE, PUNTAJE, FK_ID_TIPO)
VALUES ('20', 'Entre 700.001 y 900.000', 4, 5);

-- Insert for CONDICION #4 (FK_ID_TIPO = 5)
INSERT INTO CONDICION (ID_CONDICION, NOMBRE, PUNTAJE, FK_ID_TIPO)
VALUES ('21', 'Mayor a 900.001', 0, 5);

-- Insert for Convocation #1
INSERT INTO CONVOCATORIA_TIPO (FK_ID_CONVOCATORIA, FK_ID_TIPO)
VALUES ('2', 1);

-- Insert for Convocation #2
INSERT INTO CONVOCATORIA_TIPO (FK_ID_CONVOCATORIA, FK_ID_TIPO)
VALUES ('2', 2);

-- Insert for Convocation #3
INSERT INTO CONVOCATORIA_TIPO (FK_ID_CONVOCATORIA, FK_ID_TIPO)
VALUES ('2', 3);

-- Insert for Convocation #3
INSERT INTO CONVOCATORIA_TIPO (FK_ID_CONVOCATORIA, FK_ID_TIPO)
VALUES ('2', 4);

-- Insert for Convocation #3
INSERT INTO CONVOCATORIA_TIPO (FK_ID_CONVOCATORIA, FK_ID_TIPO)
VALUES ('2', 5);

-- Insert for Tipo Subsidio #1
INSERT INTO TIPO_SUBSIDIO (ID_TIPO_SUBSIDIO, NOMBRE, POR_COBERTURA, HRS_DEDICACION_X_SEM)
VALUES ('1', 'Total', 100.00, 20);

-- Insert for Tipo Subsidio #2
INSERT INTO TIPO_SUBSIDIO (ID_TIPO_SUBSIDIO, NOMBRE, POR_COBERTURA, HRS_DEDICACION_X_SEM)
VALUES ('2', 'Tipo A', 70.00, 15);

-- Insert for Tipo Subsidio #3
INSERT INTO TIPO_SUBSIDIO (ID_TIPO_SUBSIDIO, NOMBRE, POR_COBERTURA, HRS_DEDICACION_X_SEM)
VALUES ('3', 'Tipo B', 40.00, 10);

-- Insert for Convocatoria #1 and Tipo Subsidio #1
INSERT INTO CONVOCATORIA_TIPO_SUBSIDIO (FK_ID_CONVOCATORIA, FK_ID_TIPO_SUBSIDIO, CANTIDAD)
VALUES ('2', '1', 5);

-- Insert for Convocatoria #2 and Tipo Subsidio #2
INSERT INTO CONVOCATORIA_TIPO_SUBSIDIO (FK_ID_CONVOCATORIA, FK_ID_TIPO_SUBSIDIO, CANTIDAD)
VALUES ('2', '2', 2);

-- Insert for Convocatoria #2 and Tipo Subsidio #2
INSERT INTO CONVOCATORIA_TIPO_SUBSIDIO (FK_ID_CONVOCATORIA, FK_ID_TIPO_SUBSIDIO, CANTIDAD)
VALUES ('2', '3', 1);

-- Insert for Student with CODIGO = '202200001' and Convocatoria #2
INSERT INTO SOLICITUD (ID_SOLICITUD, ESTADO, FK_CODIGO, FK_ID_CONVOCATORIA, FK_RESPONSABLE_VERIFICAR)
VALUES (1, 'SIN_CALIFICAR', '1', '2', '1234567890');

-- Insert for Student with CODIGO = '202200002' and Convocatoria #2
INSERT INTO SOLICITUD (ID_SOLICITUD, ESTADO, FK_CODIGO, FK_ID_CONVOCATORIA, FK_RESPONSABLE_VERIFICAR)
VALUES (2, 'SIN_CALIFICAR', '2', '2', '1234567890');

-- Insert for Student with CODIGO = '202200003' and Convocatoria #2
INSERT INTO SOLICITUD (ID_SOLICITUD, ESTADO, FK_CODIGO, FK_ID_CONVOCATORIA, FK_RESPONSABLE_VERIFICAR)
VALUES (3, 'SIN_CALIFICAR', '3', '2', '1234567890');

-- Insert for Student with CODIGO = '202200004' and Convocatoria #2
INSERT INTO SOLICITUD (ID_SOLICITUD, ESTADO, FK_CODIGO, FK_ID_CONVOCATORIA, FK_RESPONSABLE_VERIFICAR)
VALUES (4, 'SIN_CALIFICAR', '4', '2', '1234567890');

-- Insert for Student with CODIGO = '202200005' and Convocatoria #2
INSERT INTO SOLICITUD (ID_SOLICITUD, ESTADO, FK_CODIGO, FK_ID_CONVOCATORIA, FK_RESPONSABLE_VERIFICAR)
VALUES (5, 'SIN_CALIFICAR', '5', '2', '2345678901');

-- Insert for Student with CODIGO = '202200006' and Convocatoria #2
INSERT INTO SOLICITUD (ID_SOLICITUD, ESTADO, FK_CODIGO, FK_ID_CONVOCATORIA, FK_RESPONSABLE_VERIFICAR)
VALUES (6, 'SIN_CALIFICAR', '6', '2', '2345678901');

-- Insert for Student with CODIGO = '202200007' and Convocatoria #2
INSERT INTO SOLICITUD (ID_SOLICITUD, ESTADO, FK_CODIGO, FK_ID_CONVOCATORIA, FK_RESPONSABLE_VERIFICAR)
VALUES (7, 'SIN_CALIFICAR', '7', '2', '3456789012');

-- Insert for Student with CODIGO = '202200008' and Convocatoria #2
INSERT INTO SOLICITUD (ID_SOLICITUD, ESTADO, FK_CODIGO, FK_ID_CONVOCATORIA, FK_RESPONSABLE_VERIFICAR)
VALUES (8, 'SIN_CALIFICAR', '8', '2', '3456789012');

-- Insert for Student with CODIGO = '202200008' and Convocatoria #2
INSERT INTO SOLICITUD (ID_SOLICITUD, ESTADO, FK_CODIGO, FK_ID_CONVOCATORIA, FK_RESPONSABLE_VERIFICAR)
VALUES (8, 'SIN_CALIFICAR', '9', '2', '3456789012');

-- Insert for Student with CODIGO = '202200010' and Convocatoria #2
INSERT INTO SOLICITUD (ID_SOLICITUD, ESTADO, FK_CODIGO, FK_ID_CONVOCATORIA, FK_RESPONSABLE_VERIFICAR)
VALUES (10, 'SIN_CALIFICAR', '10', '2', '3456789012');

-- Insert for condition #1 (ID_CONDICION = 1)
INSERT INTO DOCUMENTO (ID_DOCUMENTO, FK_ID_SOLICITUD, RUTA, ESTADO, PUNTAJE_OBTENIDO, OBSERVACION, FK_ID_CONDICION)
VALUES (1, 1, 'document1.pdf', 'SIN_CALIFICAR', 0, NULL, '1');

-- Insert for condition #2 (ID_CONDICION = 2)
INSERT INTO DOCUMENTO (ID_DOCUMENTO, FK_ID_SOLICITUD, RUTA, ESTADO, PUNTAJE_OBTENIDO, OBSERVACION, FK_ID_CONDICION)
VALUES (2, 1, 'document2.pdf', 'SIN_CALIFICAR', 0, NULL, '6');

-- Insert for condition #2 (ID_CONDICION = 2)
INSERT INTO DOCUMENTO (ID_DOCUMENTO, FK_ID_SOLICITUD, RUTA, ESTADO, PUNTAJE_OBTENIDO, OBSERVACION, FK_ID_CONDICION)
VALUES (3, 1, 'document3.pdf', 'SIN_CALIFICAR', 0, NULL, '10');

-- Insert for condition #2 (ID_CONDICION = 2)
INSERT INTO DOCUMENTO (ID_DOCUMENTO, FK_ID_SOLICITUD, RUTA, ESTADO, PUNTAJE_OBTENIDO, OBSERVACION, FK_ID_CONDICION)
VALUES (4, 1, 'document4.pdf', 'SIN_CALIFICAR', 0, NULL, '14');

-- Insert for condition #2 (ID_CONDICION = 2)
INSERT INTO DOCUMENTO (ID_DOCUMENTO, FK_ID_SOLICITUD, RUTA, ESTADO, PUNTAJE_OBTENIDO, OBSERVACION, FK_ID_CONDICION)
VALUES (5, 1, 'document5.pdf', 'SIN_CALIFICAR', 0, NULL, '18');

-- Insert for condition #1 (ID_CONDICION = 1)
INSERT INTO DOCUMENTO (ID_DOCUMENTO, FK_ID_SOLICITUD, RUTA, ESTADO, PUNTAJE_OBTENIDO, OBSERVACION, FK_ID_CONDICION)
VALUES (6, 2, 'document1.pdf', 'SIN_CALIFICAR', 0, NULL, '2');

-- Insert for condition #2 (ID_CONDICION = 2)
INSERT INTO DOCUMENTO (ID_DOCUMENTO, FK_ID_SOLICITUD, RUTA, ESTADO, PUNTAJE_OBTENIDO, OBSERVACION, FK_ID_CONDICION)
VALUES (7, 2, 'document2.pdf', 'SIN_CALIFICAR', 0, NULL, '8');

-- Insert for condition #2 (ID_CONDICION = 2)
INSERT INTO DOCUMENTO (ID_DOCUMENTO, FK_ID_SOLICITUD, RUTA, ESTADO, PUNTAJE_OBTENIDO, OBSERVACION, FK_ID_CONDICION)
VALUES (8, 2, 'document3.pdf', 'SIN_CALIFICAR', 0, NULL, '11');

-- Insert for condition #2 (ID_CONDICION = 2)
INSERT INTO DOCUMENTO (ID_DOCUMENTO, FK_ID_SOLICITUD, RUTA, ESTADO, PUNTAJE_OBTENIDO, OBSERVACION, FK_ID_CONDICION)
VALUES (9, 2, 'document4.pdf', 'SIN_CALIFICAR', 0, NULL, '13');

-- Insert for condition #2 (ID_CONDICION = 2)
INSERT INTO DOCUMENTO (ID_DOCUMENTO, FK_ID_SOLICITUD, RUTA, ESTADO, PUNTAJE_OBTENIDO, OBSERVACION, FK_ID_CONDICION)
VALUES (10, 2, 'document5.pdf', 'SIN_CALIFICAR', 0, NULL, '16');
-- Insert for condition #1 (ID_CONDICION = 1)
INSERT INTO DOCUMENTO (ID_DOCUMENTO, FK_ID_SOLICITUD, RUTA, ESTADO, PUNTAJE_OBTENIDO, OBSERVACION, FK_ID_CONDICION)
VALUES (11, 3, 'document1.pdf', 'SIN_CALIFICAR', 0, NULL, '4');

-- Insert for condition #2 (ID_CONDICION = 2)
INSERT INTO DOCUMENTO (ID_DOCUMENTO, FK_ID_SOLICITUD, RUTA, ESTADO, PUNTAJE_OBTENIDO, OBSERVACION, FK_ID_CONDICION)
VALUES (12, 3, 'document2.pdf', 'SIN_CALIFICAR', 0, NULL, '8');

-- Insert for condition #2 (ID_CONDICION = 2)
INSERT INTO DOCUMENTO (ID_DOCUMENTO, FK_ID_SOLICITUD, RUTA, ESTADO, PUNTAJE_OBTENIDO, OBSERVACION, FK_ID_CONDICION)
VALUES (13, 3, 'document3.pdf', 'SIN_CALIFICAR', 0, NULL, '11');

-- Insert for condition #2 (ID_CONDICION = 2)
INSERT INTO DOCUMENTO (ID_DOCUMENTO, FK_ID_SOLICITUD, RUTA, ESTADO, PUNTAJE_OBTENIDO, OBSERVACION, FK_ID_CONDICION)
VALUES (14, 3, 'document4.pdf', 'SIN_CALIFICAR', 0, NULL, '14');

-- Insert for condition #2 (ID_CONDICION = 2)
INSERT INTO DOCUMENTO (ID_DOCUMENTO, FK_ID_SOLICITUD, RUTA, ESTADO, PUNTAJE_OBTENIDO, OBSERVACION, FK_ID_CONDICION)
VALUES (15, 3, 'document5.pdf', 'SIN_CALIFICAR', 0, NULL, '18');

-- Insert for condition #1 (ID_CONDICION = 1)
INSERT INTO DOCUMENTO (ID_DOCUMENTO, FK_ID_SOLICITUD, RUTA, ESTADO, PUNTAJE_OBTENIDO, OBSERVACION, FK_ID_CONDICION)
VALUES (16, 4, 'document1.pdf', 'SIN_CALIFICAR', 0, NULL, '3');

-- Insert for condition #2 (ID_CONDICION = 2)
INSERT INTO DOCUMENTO (ID_DOCUMENTO, FK_ID_SOLICITUD, RUTA, ESTADO, PUNTAJE_OBTENIDO, OBSERVACION, FK_ID_CONDICION)
VALUES (17, 4, 'document2.pdf', 'SIN_CALIFICAR', 0, NULL, '9');

-- Insert for condition #2 (ID_CONDICION = 2)
INSERT INTO DOCUMENTO (ID_DOCUMENTO, FK_ID_SOLICITUD, RUTA, ESTADO, PUNTAJE_OBTENIDO, OBSERVACION, FK_ID_CONDICION)
VALUES (18, 4, 'document3.pdf', 'SIN_CALIFICAR', 0, NULL, '11');

-- Insert for condition #2 (ID_CONDICION = 2)
INSERT INTO DOCUMENTO (ID_DOCUMENTO, FK_ID_SOLICITUD, RUTA, ESTADO, PUNTAJE_OBTENIDO, OBSERVACION, FK_ID_CONDICION)
VALUES (19, 4, 'document4.pdf', 'SIN_CALIFICAR', 0, NULL, '14');

-- Insert for condition #2 (ID_CONDICION = 2)
INSERT INTO DOCUMENTO (ID_DOCUMENTO, FK_ID_SOLICITUD, RUTA, ESTADO, PUNTAJE_OBTENIDO, OBSERVACION, FK_ID_CONDICION)
VALUES (20, 4, 'document5.pdf', 'SIN_CALIFICAR', 0, NULL, '19');
-- Insert for condition #1 (ID_CONDICION = 1)
INSERT INTO DOCUMENTO (ID_DOCUMENTO, FK_ID_SOLICITUD, RUTA, ESTADO, PUNTAJE_OBTENIDO, OBSERVACION, FK_ID_CONDICION)
VALUES (21, 5, 'document1.pdf', 'SIN_CALIFICAR', 0, NULL, '1');

-- Insert for condition #2 (ID_CONDICION = 2)
INSERT INTO DOCUMENTO (ID_DOCUMENTO, FK_ID_SOLICITUD, RUTA, ESTADO, PUNTAJE_OBTENIDO, OBSERVACION, FK_ID_CONDICION)
VALUES (22, 5, 'document2.pdf', 'SIN_CALIFICAR', 0, NULL, '6');

-- Insert for condition #2 (ID_CONDICION = 2)
INSERT INTO DOCUMENTO (ID_DOCUMENTO, FK_ID_SOLICITUD, RUTA, ESTADO, PUNTAJE_OBTENIDO, OBSERVACION, FK_ID_CONDICION)
VALUES (23, 5, 'document3.pdf', 'SIN_CALIFICAR', 0, NULL, '10');

-- Insert for condition #2 (ID_CONDICION = 2)
INSERT INTO DOCUMENTO (ID_DOCUMENTO, FK_ID_SOLICITUD, RUTA, ESTADO, PUNTAJE_OBTENIDO, OBSERVACION, FK_ID_CONDICION)
VALUES (24, 5, 'document4.pdf', 'SIN_CALIFICAR', 0, NULL, '14');

-- Insert for condition #2 (ID_CONDICION = 2)
INSERT INTO DOCUMENTO (ID_DOCUMENTO, FK_ID_SOLICITUD, RUTA, ESTADO, PUNTAJE_OBTENIDO, OBSERVACION, FK_ID_CONDICION)
VALUES (25, 5, 'document5.pdf', 'SIN_CALIFICAR', 0, NULL, '17');

-- Insert for condition #1 (ID_CONDICION = 1)
INSERT INTO DOCUMENTO (ID_DOCUMENTO, FK_ID_SOLICITUD, RUTA, ESTADO, PUNTAJE_OBTENIDO, OBSERVACION, FK_ID_CONDICION)
VALUES (26, 6, 'document1.pdf', 'SIN_CALIFICAR', 0, NULL, '2');

-- Insert for condition #2 (ID_CONDICION = 2)
INSERT INTO DOCUMENTO (ID_DOCUMENTO, FK_ID_SOLICITUD, RUTA, ESTADO, PUNTAJE_OBTENIDO, OBSERVACION, FK_ID_CONDICION)
VALUES (27, 6, 'document2.pdf', 'SIN_CALIFICAR', 0, NULL, '7');

-- Insert for condition #2 (ID_CONDICION = 2)
INSERT INTO DOCUMENTO (ID_DOCUMENTO, FK_ID_SOLICITUD, RUTA, ESTADO, PUNTAJE_OBTENIDO, OBSERVACION, FK_ID_CONDICION)
VALUES (28, 6, 'document3.pdf', 'SIN_CALIFICAR', 0, NULL, '11');

-- Insert for condition #2 (ID_CONDICION = 2)
INSERT INTO DOCUMENTO (ID_DOCUMENTO, FK_ID_SOLICITUD, RUTA, ESTADO, PUNTAJE_OBTENIDO, OBSERVACION, FK_ID_CONDICION)
VALUES (29, 6, 'document4.pdf', 'SIN_CALIFICAR', 0, NULL, '13');

-- Insert for condition #2 (ID_CONDICION = 2)
INSERT INTO DOCUMENTO (ID_DOCUMENTO, FK_ID_SOLICITUD, RUTA, ESTADO, PUNTAJE_OBTENIDO, OBSERVACION, FK_ID_CONDICION)
VALUES (30, 6, 'document5.pdf', 'SIN_CALIFICAR', 0, NULL, '20');
-- Insert for condition #1 (ID_CONDICION = 1)
INSERT INTO DOCUMENTO (ID_DOCUMENTO, FK_ID_SOLICITUD, RUTA, ESTADO, PUNTAJE_OBTENIDO, OBSERVACION, FK_ID_CONDICION)
VALUES (31, 7, 'document1.pdf', 'SIN_CALIFICAR', 0, NULL, '2');

-- Insert for condition #2 (ID_CONDICION = 2)
INSERT INTO DOCUMENTO (ID_DOCUMENTO, FK_ID_SOLICITUD, RUTA, ESTADO, PUNTAJE_OBTENIDO, OBSERVACION, FK_ID_CONDICION)
VALUES (32, 7, 'document2.pdf', 'SIN_CALIFICAR', 0, NULL, '6');

-- Insert for condition #2 (ID_CONDICION = 2)
INSERT INTO DOCUMENTO (ID_DOCUMENTO, FK_ID_SOLICITUD, RUTA, ESTADO, PUNTAJE_OBTENIDO, OBSERVACION, FK_ID_CONDICION)
VALUES (33, 7, 'document3.pdf', 'SIN_CALIFICAR', 0, NULL, '12');

-- Insert for condition #2 (ID_CONDICION = 2)
INSERT INTO DOCUMENTO (ID_DOCUMENTO, FK_ID_SOLICITUD, RUTA, ESTADO, PUNTAJE_OBTENIDO, OBSERVACION, FK_ID_CONDICION)
VALUES (34, 7, 'document4.pdf', 'SIN_CALIFICAR', 0, NULL, '13');

-- Insert for condition #2 (ID_CONDICION = 2)
INSERT INTO DOCUMENTO (ID_DOCUMENTO, FK_ID_SOLICITUD, RUTA, ESTADO, PUNTAJE_OBTENIDO, OBSERVACION, FK_ID_CONDICION)
VALUES (35, 7, 'document5.pdf', 'SIN_CALIFICAR', 0, NULL, '19');

-- Insert for condition #1 (ID_CONDICION = 1)
INSERT INTO DOCUMENTO (ID_DOCUMENTO, FK_ID_SOLICITUD, RUTA, ESTADO, PUNTAJE_OBTENIDO, OBSERVACION, FK_ID_CONDICION)
VALUES (36, 8, 'document1.pdf', 'SIN_CALIFICAR', 0, NULL, '4');

-- Insert for condition #2 (ID_CONDICION = 2)
INSERT INTO DOCUMENTO (ID_DOCUMENTO, FK_ID_SOLICITUD, RUTA, ESTADO, PUNTAJE_OBTENIDO, OBSERVACION, FK_ID_CONDICION)
VALUES (37, 8, 'document2.pdf', 'SIN_CALIFICAR', 0, NULL, '8');

-- Insert for condition #2 (ID_CONDICION = 2)
INSERT INTO DOCUMENTO (ID_DOCUMENTO, FK_ID_SOLICITUD, RUTA, ESTADO, PUNTAJE_OBTENIDO, OBSERVACION, FK_ID_CONDICION)
VALUES (38, 8, 'document3.pdf', 'SIN_CALIFICAR', 0, NULL, '11');

-- Insert for condition #2 (ID_CONDICION = 2)
INSERT INTO DOCUMENTO (ID_DOCUMENTO, FK_ID_SOLICITUD, RUTA, ESTADO, PUNTAJE_OBTENIDO, OBSERVACION, FK_ID_CONDICION)
VALUES (39, 8, 'document4.pdf', 'SIN_CALIFICAR', 0, NULL, '13');

-- Insert for condition #2 (ID_CONDICION = 2)
INSERT INTO DOCUMENTO (ID_DOCUMENTO, FK_ID_SOLICITUD, RUTA, ESTADO, PUNTAJE_OBTENIDO, OBSERVACION, FK_ID_CONDICION)
VALUES (40, 8, 'document5.pdf', 'SIN_CALIFICAR', 0, NULL, '16');
-- Insert for condition #1 (ID_CONDICION = 1)
INSERT INTO DOCUMENTO (ID_DOCUMENTO, FK_ID_SOLICITUD, RUTA, ESTADO, PUNTAJE_OBTENIDO, OBSERVACION, FK_ID_CONDICION)
VALUES (41, 9, 'document1.pdf', 'SIN_CALIFICAR', 0, NULL, '1');

-- Insert for condition #2 (ID_CONDICION = 2)
INSERT INTO DOCUMENTO (ID_DOCUMENTO, FK_ID_SOLICITUD, RUTA, ESTADO, PUNTAJE_OBTENIDO, OBSERVACION, FK_ID_CONDICION)
VALUES (42, 9, 'document2.pdf', 'SIN_CALIFICAR', 0, NULL, '6');

-- Insert for condition #2 (ID_CONDICION = 2)
INSERT INTO DOCUMENTO (ID_DOCUMENTO, FK_ID_SOLICITUD, RUTA, ESTADO, PUNTAJE_OBTENIDO, OBSERVACION, FK_ID_CONDICION)
VALUES (43, 9, 'document3.pdf', 'SIN_CALIFICAR', 0, NULL, '10');

-- Insert for condition #2 (ID_CONDICION = 2)
INSERT INTO DOCUMENTO (ID_DOCUMENTO, FK_ID_SOLICITUD, RUTA, ESTADO, PUNTAJE_OBTENIDO, OBSERVACION, FK_ID_CONDICION)
VALUES (44, 9, 'document4.pdf', 'SIN_CALIFICAR', 0, NULL, '13');

-- Insert for condition #2 (ID_CONDICION = 2)
INSERT INTO DOCUMENTO (ID_DOCUMENTO, FK_ID_SOLICITUD, RUTA, ESTADO, PUNTAJE_OBTENIDO, OBSERVACION, FK_ID_CONDICION)
VALUES (45, 9, 'document5.pdf', 'SIN_CALIFICAR', 0, NULL, '15');

-- Insert for condition #1 (ID_CONDICION = 1)
INSERT INTO DOCUMENTO (ID_DOCUMENTO, FK_ID_SOLICITUD, RUTA, ESTADO, PUNTAJE_OBTENIDO, OBSERVACION, FK_ID_CONDICION)
VALUES (46, 10, 'document1.pdf', 'SIN_CALIFICAR', 0, NULL, '2');

-- Insert for condition #2 (ID_CONDICION = 2)
INSERT INTO DOCUMENTO (ID_DOCUMENTO, FK_ID_SOLICITUD, RUTA, ESTADO, PUNTAJE_OBTENIDO, OBSERVACION, FK_ID_CONDICION)
VALUES (47, 10, 'document2.pdf', 'SIN_CALIFICAR', 0, NULL, '8');

-- Insert for condition #2 (ID_CONDICION = 2)
INSERT INTO DOCUMENTO (ID_DOCUMENTO, FK_ID_SOLICITUD, RUTA, ESTADO, PUNTAJE_OBTENIDO, OBSERVACION, FK_ID_CONDICION)
VALUES (48, 10, 'document3.pdf', 'SIN_CALIFICAR', 0, NULL, '10');

-- Insert for condition #2 (ID_CONDICION = 2)
INSERT INTO DOCUMENTO (ID_DOCUMENTO, FK_ID_SOLICITUD, RUTA, ESTADO, PUNTAJE_OBTENIDO, OBSERVACION, FK_ID_CONDICION)
VALUES (49, 10, 'document4.pdf', 'SIN_CALIFICAR', 0, NULL, '13');

-- Insert for condition #2 (ID_CONDICION = 2)
INSERT INTO DOCUMENTO (ID_DOCUMENTO, FK_ID_SOLICITUD, RUTA, ESTADO, PUNTAJE_OBTENIDO, OBSERVACION, FK_ID_CONDICION)
VALUES (50, 10, 'document5.pdf', 'SIN_CALIFICAR', 0, NULL, '18');











UPDATE CONVOCATORIA SET estado = 'CALCULO_P' WHERE id_convocatoria = 2;

-- Insert responsable
INSERT INTO RESPONSABLE VALUES ('1022397', 'CC', 'BRYANT', 'ORTEGA', '3154861', 'CALLE 167 #', 'U_EST2');
UPDATE BIENESTAR.RESPONSABLE SET USUARIO = 'U_ADMIN1' WHERE DOCUMENTO = '1234567890';
UPDATE BIENESTAR.ESTUDIANTE SET CORREO = 'bryant.ortega1010@gmail.com' WHERE CODIGO = '1';
UPDATE BIENESTAR.ESTUDIANTE SET CORREO = 'diegorom27@gmail.com' WHERE CODIGO = '2';
COMMIT;