-- Insertar estudiante 1
INSERT INTO ESTUDIANTES (CODIGO, PROYECTO, SEMESTRE, TIPO_DOCUMENTO, DOCUMENTO, NOMBRES, APELLIDOS, TELEFONO, DIRECCION, MUNICIPIO, COSTO_SEM, INGRESOS, PROMEDIO_PONDERADO, ASIG_PERDIDAS_SEM_PASADO, NUM_CREDITOS, ESTADO, USUARIO)
VALUES ('E001', 'Ingeniería Informática', '6', 'CC', '1234567890', 'Juan', 'Perez', '1234567890', 'Calle 123', 'Bogotá', 5000000, 2000000.50, 3.75, 1, 20, 'ACTIVO', 'juanperez');

-- Insertar estudiante 2
INSERT INTO ESTUDIANTES (CODIGO, PROYECTO, SEMESTRE, TIPO_DOCUMENTO, DOCUMENTO, NOMBRES, APELLIDOS, TELEFONO, DIRECCION, MUNICIPIO, COSTO_SEM, INGRESOS, PROMEDIO_PONDERADO, ASIG_PERDIDAS_SEM_PASADO, NUM_CREDITOS, ESTADO, USUARIO)
VALUES ('E002', 'Medicina', '8', 'CC', '9876543210', 'María', 'González', '9876543210', 'Carrera 456', 'Medellín', 6000000, 2500000.75, 4.20, 0, 24, 'ACTIVO', 'mariagonzalez');

-- Insertar estudiante 3
INSERT INTO ESTUDIANTES (CODIGO, PROYECTO, SEMESTRE, TIPO_DOCUMENTO, DOCUMENTO, NOMBRES, APELLIDOS, TELEFONO, DIRECCION, MUNICIPIO, COSTO_SEM, INGRESOS, PROMEDIO_PONDERADO, ASIG_PERDIDAS_SEM_PASADO, NUM_CREDITOS, ESTADO, USUARIO)
VALUES ('E003', 'Arquitectura', '5', 'CC', '5555555555', 'Carlos', 'López', '5555555555', 'Avenida 789', 'Cali', 4500000, 1800000.25, 3.60, 2, 18, 'ACTIVO', 'carloslopez');

-- Insertar estudiante 4
INSERT INTO ESTUDIANTES (CODIGO, PROYECTO, SEMESTRE, TIPO_DOCUMENTO, DOCUMENTO, NOMBRES, APELLIDOS, TELEFONO, DIRECCION, MUNICIPIO, COSTO_SEM, INGRESOS, PROMEDIO_PONDERADO, ASIG_PERDIDAS_SEM_PASADO, NUM_CREDITOS, ESTADO, USUARIO)
VALUES ('E004', 'Derecho', '7', 'TI', '1122334455', 'Laura', 'Martínez', '1122334455', 'Carrera 101', 'Barranquilla', 5500000, 2200000.80, 3.90, 1, 21, 'ACTIVO', 'lauramartinez');

-- Insertar estudiante 5
INSERT INTO ESTUDIANTES (CODIGO, PROYECTO, SEMESTRE, TIPO_DOCUMENTO, DOCUMENTO, NOMBRES, APELLIDOS, TELEFONO, DIRECCION, MUNICIPIO, COSTO_SEM, INGRESOS, PROMEDIO_PONDERADO, ASIG_PERDIDAS_SEM_PASADO, NUM_CREDITOS, ESTADO, USUARIO)
VALUES ('E005', 'Economía', '4', 'CC', '9999999999', 'Diego', 'Ramírez', '9999999999', 'Calle 567', 'Cartagena', 4800000, 1900000.40, 3.45, 0, 15, 'ACTIVO', 'diegoramirez');

-- Insertar responsable 1
INSERT INTO RESPONSABLE (DOCUMENTO, TIPO_DOCUMENTO, NOMBRES, APELLIDOS, TELEFONO, DIRECCION, USUARIO)
VALUES ('1234567890', 'CC', 'María', 'Gómez', '1234567890', 'Carrera 123', 'mariagomez');

-- Insertar responsable 2
INSERT INTO RESPONSABLE (DOCUMENTO, TIPO_DOCUMENTO, NOMBRES, APELLIDOS, TELEFONO, DIRECCION, USUARIO)
VALUES ('9876543210', 'CC', 'Pedro', 'Rodríguez', '9876543210', 'Avenida 456', 'pedrorodriguez');

-- Insertar responsable 3
INSERT INTO RESPONSABLE (DOCUMENTO, TIPO_DOCUMENTO, NOMBRES, APELLIDOS, TELEFONO, DIRECCION, USUARIO)
VALUES ('5555555555', 'CC', 'Juan', 'López', '5555555555', 'Calle 789', 'juanlopez');

-- Insertar responsable 4
INSERT INTO RESPONSABLE (DOCUMENTO, TIPO_DOCUMENTO, NOMBRES, APELLIDOS, TELEFONO, DIRECCION, USUARIO)
VALUES ('1122334455', 'TI', 'Laura', 'Martínez', '1122334455', 'Carrera 101', 'lauramartinez');

-- Insertar responsable 5
INSERT INTO RESPONSABLE (DOCUMENTO, TIPO_DOCUMENTO, NOMBRES, APELLIDOS, TELEFONO, DIRECCION, USUARIO)
VALUES ('9999999999', 'CC', 'Diego', 'Ramírez', '9999999999', 'Calle 567', 'diegoramirez');

-- Insertar convocatoria 1
INSERT INTO CONVOCATORIA (ID_CONVOCATORIA, FECHA_I_CONV, FECHA_I_INSC, FECHA_I_VERIF, FECHA_I_PUBL, FECHA_I_CUMP, FECHA_F_CUMP, PERIODO, ESTADO, VALOR_X_ALMUERZO)
VALUES ('CONV001', TO_DATE('2023-09-01', 'YYYY-MM-DD'), TO_DATE('2023-09-10', 'YYYY-MM-DD'), TO_DATE('2023-09-15', 'YYYY-MM-DD'), TO_DATE('2023-09-20', 'YYYY-MM-DD'), TO_DATE('2023-09-25', 'YYYY-MM-DD'), TO_DATE('2023-12-31', 'YYYY-MM-DD'), '2023-2', 'INSCRIPCION', 3500);

-- Insertar convocatoria 2
INSERT INTO CONVOCATORIA (ID_CONVOCATORIA, FECHA_I_CONV, FECHA_I_INSC, FECHA_I_VERIF, FECHA_I_PUBL, FECHA_I_CUMP, FECHA_F_CUMP, PERIODO, ESTADO, VALOR_X_ALMUERZO)
VALUES ('CONV002', TO_DATE('2023-12-01', 'YYYY-MM-DD'), TO_DATE('2023-12-10', 'YYYY-MM-DD'), TO_DATE('2023-12-15', 'YYYY-MM-DD'), TO_DATE('2023-12-20', 'YYYY-MM-DD'), TO_DATE('2024-02-28', 'YYYY-MM-DD'), TO_DATE('2024-05-31', 'YYYY-MM-DD'), '2024-1', 'INSCRIPCION', 3800);

-- Insertar convocatoria 3
INSERT INTO CONVOCATORIA (ID_CONVOCATORIA, FECHA_I_CONV, FECHA_I_INSC, FECHA_I_VERIF, FECHA_I_PUBL, FECHA_I_CUMP, FECHA_F_CUMP, PERIODO, ESTADO, VALOR_X_ALMUERZO)
VALUES ('CONV003', TO_DATE('2024-03-01', 'YYYY-MM-DD'), TO_DATE('2024-03-10', 'YYYY-MM-DD'), TO_DATE('2024-03-15', 'YYYY-MM-DD'), TO_DATE('2024-03-20', 'YYYY-MM-DD'), TO_DATE('2024-05-31', 'YYYY-MM-DD'), TO_DATE('2024-08-31', 'YYYY-MM-DD'), '2024-2', 'VERIFICACION_DOC', 4000);

-- Insertar convocatoria 4
INSERT INTO CONVOCATORIA (ID_CONVOCATORIA, FECHA_I_CONV, FECHA_I_INSC, FECHA_I_VERIF, FECHA_I_PUBL, FECHA_I_CUMP, FECHA_F_CUMP, PERIODO, ESTADO, VALOR_X_ALMUERZO)
VALUES ('CONV004', TO_DATE('2024-09-01', 'YYYY-MM-DD'), TO_DATE('2024-09-10', 'YYYY-MM-DD'), TO_DATE('2024-09-15', 'YYYY-MM-DD'), TO_DATE('2024-09-20', 'YYYY-MM-DD'), TO_DATE('2024-09-25', 'YYYY-MM-DD'), TO_DATE('2024-12-31', 'YYYY-MM-DD'), '2024-3', 'CALCULO_P', 4200);

-- Insertar convocatoria 5
INSERT INTO CONVOCATORIA (ID_CONVOCATORIA, FECHA_I_CONV, FECHA_I_INSC, FECHA_I_VERIF, FECHA_I_PUBL, FECHA_I_CUMP, FECHA_F_CUMP, PERIODO, ESTADO, VALOR_X_ALMUERZO)
VALUES ('CONV005', TO_DATE('2025-01-01', 'YYYY-MM-DD'), TO_DATE('2025-01-10', 'YYYY-MM-DD'), TO_DATE('2025-01-15', 'YYYY-MM-DD'), TO_DATE('2025-01-20', 'YYYY-MM-DD'), TO_DATE('2025-03-31', 'YYYY-MM-DD'), TO_DATE('2025-06-30', 'YYYY-MM-DD'), '2025-1', 'INSCRIPCION', 4500);

-- Insertar tipo 1
INSERT INTO TIPO (ID_TIPO, NOMBRE, PUNTAJE_MAX)
VALUES ('T1', 'Ingresos Familiares', 10);

-- Insertar tipo 2
INSERT INTO TIPO (ID_TIPO, NOMBRE, PUNTAJE_MAX)
VALUES ('T2', 'Condiciones Familiares. ', 20);

-- Insertar tipo 3
INSERT INTO TIPO (ID_TIPO, NOMBRE, PUNTAJE_MAX)
VALUES ('T3', 'Procedencia y lugar de residencia', 15);

-- Insertar tipo 4
INSERT INTO TIPO (ID_TIPO, NOMBRE, PUNTAJE_MAX)
VALUES ('T4', 'Condiciones de Salud', 25);

-- Insertar tipo 5
INSERT INTO TIPO (ID_TIPO, NOMBRE, PUNTAJE_MAX)
VALUES ('T5', 'Rango de matrícula', 30);


-- Insertar tipo de subsidio 1
INSERT INTO TIPO_SUBSIDIO (ID_TIPO_SUBSIDIO, NOMBRE, POR_COBERTURA, HRS_DEDICACION_X_SEM)
VALUES ('TS1', 'Subsidio Total', 100, 4);

-- Insertar tipo de subsidio 2
INSERT INTO TIPO_SUBSIDIO (ID_TIPO_SUBSIDIO, NOMBRE, POR_COBERTURA, HRS_DEDICACION_X_SEM)
VALUES ('TS2', 'Subsidio Tipo A', 70, 3);

-- Insertar tipo de subsidio 3
INSERT INTO TIPO_SUBSIDIO (ID_TIPO_SUBSIDIO, NOMBRE, POR_COBERTURA, HRS_DEDICACION_X_SEM)
VALUES ('TS3', 'Subsidio Tipo A', 70, 3);


-- Insertar convocatoria_tipo 1
INSERT INTO CONVOCATORIA_TIPO (FK_ID_CONVOCATORIA, FK_ID_TIPO)
VALUES ('CONV001', 'T1');

-- Insertar convocatoria_tipo 2
INSERT INTO CONVOCATORIA_TIPO (FK_ID_CONVOCATORIA, FK_ID_TIPO)
VALUES ('CONV001', 'T2');

-- Insertar convocatoria_tipo 3
INSERT INTO CONVOCATORIA_TIPO (FK_ID_CONVOCATORIA, FK_ID_TIPO)
VALUES ('CONV002', 'T1');

-- Insertar convocatoria_tipo 4
INSERT INTO CONVOCATORIA_TIPO (FK_ID_CONVOCATORIA, FK_ID_TIPO)
VALUES ('CONV002', 'T3');

-- Insertar convocatoria_tipo 5
INSERT INTO CONVOCATORIA_TIPO (FK_ID_CONVOCATORIA, FK_ID_TIPO)
VALUES ('CONV003', 'T2');


-- Insertar convocatoria_tipo_subsidio 1
INSERT INTO CONVOCATORIA_TIPO_SUBSIDIO (FK_ID_CONVOCATORIA, FK_ID_TIPO_SUBSIDIO, CANTIDAD)
VALUES ('CONV001', 'TS1', 50);

-- Insertar convocatoria_tipo_subsidio 2
INSERT INTO CONVOCATORIA_TIPO_SUBSIDIO (FK_ID_CONVOCATORIA, FK_ID_TIPO_SUBSIDIO, CANTIDAD)
VALUES ('CONV001', 'TS2', 30);

-- Insertar convocatoria_tipo_subsidio 3
INSERT INTO CONVOCATORIA_TIPO_SUBSIDIO (FK_ID_CONVOCATORIA, FK_ID_TIPO_SUBSIDIO, CANTIDAD)
VALUES ('CONV002', 'TS3', 60);


-- Insertar condición 1
INSERT INTO CONDICIONES (ID_CONDICION, NOMBRE, PUNTAJE, FK_ID_TIPO)
VALUES ('C1', 'Promedio académico superior a 3.5', 10, 'T1');

-- Insertar condición 2
INSERT INTO CONDICIONES (ID_CONDICION, NOMBRE, PUNTAJE, FK_ID_TIPO)
VALUES ('C2', 'Comunidad Afro', 5, 'T2');

-- Insertar condición 3
INSERT INTO CONDICIONES (ID_CONDICION, NOMBRE, PUNTAJE, FK_ID_TIPO)
VALUES ('C3', 'Ingresos familiares bajos', 15, 'T3');

-- Insertar condición 4
INSERT INTO CONDICIONES (ID_CONDICION, NOMBRE, PUNTAJE, FK_ID_TIPO)
VALUES ('C4', 'Voluntariado comunitario', 8, 'T2');

-- Insertar condición 5
INSERT INTO CONDICIONES (ID_CONDICION, NOMBRE, PUNTAJE, FK_ID_TIPO)
VALUES ('C5', 'Necesidades especiales de salud', 12, 'T1');

-- Insertar solicitud 1
INSERT INTO SOLICITUDES (ID_SOLICITUD, FECHA_CREACION, ESTADO, PUNTAJE_TOTAL, MOTIVO_RECHAZO, FK_CODIGO, FK_ID_CONVOCATORIA, FK_RESPONSABLE_VERIFICAR)
VALUES (1, CURRENT_TIMESTAMP, 'APROBADA', NULL, NULL, 'E001', 'CONV001', '1234567890');

-- Insertar solicitud 2
INSERT INTO SOLICITUDES (ID_SOLICITUD, FECHA_CREACION, ESTADO, PUNTAJE_TOTAL, MOTIVO_RECHAZO, FK_CODIGO, FK_ID_CONVOCATORIA, FK_RESPONSABLE_VERIFICAR)
VALUES (2, CURRENT_TIMESTAMP, 'APROBADA', NULL, NULL, 'E002', 'CONV002', '9876543210');

-- Insertar solicitud 3
INSERT INTO SOLICITUDES (ID_SOLICITUD, FECHA_CREACION, ESTADO, PUNTAJE_TOTAL, MOTIVO_RECHAZO, FK_CODIGO, FK_ID_CONVOCATORIA, FK_RESPONSABLE_VERIFICAR)
VALUES (3, CURRENT_TIMESTAMP, 'RECHAZADA', NULL, NULL, 'E003', 'CONV003', '5555555555');

-- Insertar solicitud 4
INSERT INTO SOLICITUDES (ID_SOLICITUD, FECHA_CREACION, ESTADO, PUNTAJE_TOTAL, MOTIVO_RECHAZO, FK_CODIGO, FK_ID_CONVOCATORIA, FK_RESPONSABLE_VERIFICAR)
VALUES (4, CURRENT_TIMESTAMP, 'SIN_CALIFICAR', NULL, NULL, 'E004', 'CONV001', '1122334455');

-- Insertar solicitud 5
INSERT INTO SOLICITUDES (ID_SOLICITUD, FECHA_CREACION, ESTADO, PUNTAJE_TOTAL, MOTIVO_RECHAZO, FK_CODIGO, FK_ID_CONVOCATORIA, FK_RESPONSABLE_VERIFICAR)
VALUES (5, CURRENT_TIMESTAMP, 'SIN_CALIFICAR', NULL, NULL, 'E005', 'CONV002', '9999999999');

-- Insertar documento 1
INSERT INTO DOCUMENTOS (ID_DOCUMENTO, FK_ID_SOLICITUD, RUTA, ESTADO, PUNTAJE_OBTENIDO, FK_ID_CONDICION)
VALUES (1, 1, 'documento1.pdf', 'APROBADO', 85, 'C1');

-- Insertar documento 2
INSERT INTO DOCUMENTOS (ID_DOCUMENTO, FK_ID_SOLICITUD, RUTA, ESTADO, PUNTAJE_OBTENIDO, FK_ID_CONDICION)
VALUES (2, 2, 'documento2.pdf', 'SIN_CALIFICAR', 0, 'C2');

-- Insertar documento 3
INSERT INTO DOCUMENTOS (ID_DOCUMENTO, FK_ID_SOLICITUD, RUTA, ESTADO, PUNTAJE_OBTENIDO, FK_ID_CONDICION)
VALUES (3, 3, 'documento3.pdf', 'RECHAZADO', 40, 'C3');

-- Insertar documento 4
INSERT INTO DOCUMENTOS (ID_DOCUMENTO, FK_ID_SOLICITUD, RUTA, ESTADO, PUNTAJE_OBTENIDO, FK_ID_CONDICION)
VALUES (4, 4, 'documento4.pdf', 'APROBADO', 90, 'C1');

-- Insertar documento 5
INSERT INTO DOCUMENTOS (ID_DOCUMENTO, FK_ID_SOLICITUD, RUTA, ESTADO, PUNTAJE_OBTENIDO, FK_ID_CONDICION)
VALUES (5, 5, 'documento5.pdf', 'SIN_CALIFICAR', 0, 'C4');



-- Insertar solicitud aprobada 1
INSERT INTO SOLICITUDES_APROBADAS (ID_APROBACION, FECHA_APROBACION, ESTADO, MOTIVO_FINALIZACION, FK_ID_SOLICITUD, FK_ID_TIPO_SUBSIDIO, FK_RESPONSABLE_APROBAR)
VALUES ('A001', TO_DATE('2023-01-15', 'YYYY-MM-DD'), 'APROBADA', NULL, 1, 'TS1', '1234567890');

-- Insertar solicitud aprobada 2
INSERT INTO SOLICITUDES_APROBADAS (ID_APROBACION, FECHA_APROBACION, ESTADO, MOTIVO_FINALIZACION, FK_ID_SOLICITUD, FK_ID_TIPO_SUBSIDIO, FK_RESPONSABLE_APROBAR)
VALUES ('A002', TO_DATE('2023-02-20', 'YYYY-MM-DD'), 'APROBADA', NULL, 2, 'TS2', '9876543210');

-- Insertar solicitud aprobada 3
INSERT INTO SOLICITUDES_APROBADAS (ID_APROBACION, FECHA_APROBACION, ESTADO, MOTIVO_FINALIZACION, FK_ID_SOLICITUD, FK_ID_TIPO_SUBSIDIO, FK_RESPONSABLE_APROBAR)
VALUES ('A003', TO_DATE('2023-03-10', 'YYYY-MM-DD'), 'APROBADA', NULL, 3, 'TS3', '5555555555');

-- Insertar solicitud aprobada 4
INSERT INTO SOLICITUDES_APROBADAS (ID_APROBACION, FECHA_APROBACION, ESTADO, MOTIVO_FINALIZACION, FK_ID_SOLICITUD, FK_ID_TIPO_SUBSIDIO, FK_RESPONSABLE_APROBAR)
VALUES ('A004', TO_DATE('2023-04-05', 'YYYY-MM-DD'), 'APROBADA', NULL, 4, 'TS1', '1122334455');

-- Insertar solicitud aprobada 5
INSERT INTO SOLICITUDES_APROBADAS (ID_APROBACION, FECHA_APROBACION, ESTADO, MOTIVO_FINALIZACION, FK_ID_SOLICITUD, FK_ID_TIPO_SUBSIDIO, FK_RESPONSABLE_APROBAR)
VALUES ('A005', TO_DATE('2023-05-12', 'YYYY-MM-DD'), 'REVOCADA', NULL, 5, 'TS2', '9999999999');

-- Insertar actividad de apoyo 1
INSERT INTO ACTIVIDADES_DE_APOYO (ID_ACTIVIDAD, DESCRIPCION, FECHA, FK_RESPONSABLE_SUPERVISAR)
VALUES ('ACT001', 'Voluntariado en el comedor comunitario', TO_DATE('2023-09-20', 'YYYY-MM-DD'), '1234567890');

-- Insertar actividad de apoyo 2
INSERT INTO ACTIVIDADES_DE_APOYO (ID_ACTIVIDAD, DESCRIPCION, FECHA, FK_RESPONSABLE_SUPERVISAR)
VALUES ('ACT002', 'Tutoría de matemáticas para estudiantes de primer año', TO_DATE('2023-09-22', 'YYYY-MM-DD'), '1234567890');

-- Insertar actividad de apoyo 3
INSERT INTO ACTIVIDADES_DE_APOYO (ID_ACTIVIDAD, DESCRIPCION, FECHA, FK_RESPONSABLE_SUPERVISAR)
VALUES ('ACT003', 'Recogida de alimentos para donación', TO_DATE('2023-09-25', 'YYYY-MM-DD'), '1234567890');

-- Insertar actividad de apoyo 4
INSERT INTO ACTIVIDADES_DE_APOYO (ID_ACTIVIDAD, DESCRIPCION, FECHA, FK_RESPONSABLE_SUPERVISAR)
VALUES ('ACT004', 'Clases de apoyo en informática básica', TO_DATE('2023-09-28', 'YYYY-MM-DD'), '9999999999');

-- Insertar actividad de apoyo 5
INSERT INTO ACTIVIDADES_DE_APOYO (ID_ACTIVIDAD, DESCRIPCION, FECHA, FK_RESPONSABLE_SUPERVISAR)
VALUES ('ACT005', 'Talleres de arte para niños en situación de vulnerabilidad', TO_DATE('2023-09-30', 'YYYY-MM-DD'), '1122334455');


-- Insertar actividad de apoyo 1 para solicitud aprobada 1
INSERT INTO SOLICITUDES_APROBADAS_ACTIVIDADES_DE_APOYO (FK_ID_ACTIVIDAD, FK_ID_APROBACION, HRS_ASISTENCIA)
VALUES ('ACT001', 'A001', 20);

-- Insertar actividad de apoyo 2 para solicitud aprobada 2
INSERT INTO SOLICITUDES_APROBADAS_ACTIVIDADES_DE_APOYO (FK_ID_ACTIVIDAD, FK_ID_APROBACION, HRS_ASISTENCIA)
VALUES ('ACT002', 'A002', 15);

-- Insertar actividad de apoyo 3 para solicitud aprobada 3
INSERT INTO SOLICITUDES_APROBADAS_ACTIVIDADES_DE_APOYO (FK_ID_ACTIVIDAD, FK_ID_APROBACION, HRS_ASISTENCIA)
VALUES ('ACT003', 'A003', 25);

-- Insertar actividad de apoyo 4 para solicitud aprobada 4
INSERT INTO SOLICITUDES_APROBADAS_ACTIVIDADES_DE_APOYO (FK_ID_ACTIVIDAD, FK_ID_APROBACION, HRS_ASISTENCIA)
VALUES ('ACT004', 'A004', 18);

-- Insertar actividad de apoyo 5 para solicitud aprobada 5
INSERT INTO SOLICITUDES_APROBADAS_ACTIVIDADES_DE_APOYO (FK_ID_ACTIVIDAD, FK_ID_APROBACION, HRS_ASISTENCIA)
VALUES ('ACT005', 'A005', 22);

-- Insertar tiquetera 1
INSERT INTO TIQUETERA (CODIGO_TIQUETERA, FECHA_I_VIGENCIA, FECHA_F_VIGENCIA, ESTADO, FK_ID_APROBACION)
VALUES ('TQ001', TO_DATE('2023-01-01', 'YYYY-MM-DD'), TO_DATE('2023-01-31', 'YYYY-MM-DD'), 'ACTIVA', 'A001');

-- Insertar tiquetera 2
INSERT INTO TIQUETERA (CODIGO_TIQUETERA, FECHA_I_VIGENCIA, FECHA_F_VIGENCIA, ESTADO, FK_ID_APROBACION)
VALUES ('TQ002', TO_DATE('2023-02-01', 'YYYY-MM-DD'), TO_DATE('2023-02-28', 'YYYY-MM-DD'), 'ACTIVA', 'A002');

-- Insertar tiquetera 3
INSERT INTO TIQUETERA (CODIGO_TIQUETERA, FECHA_I_VIGENCIA, FECHA_F_VIGENCIA, ESTADO, FK_ID_APROBACION)
VALUES ('TQ003', TO_DATE('2023-03-01', 'YYYY-MM-DD'), TO_DATE('2023-03-31', 'YYYY-MM-DD'), 'ACTIVA', 'A003');

-- Insertar tiquetera 4
INSERT INTO TIQUETERA (CODIGO_TIQUETERA, FECHA_I_VIGENCIA, FECHA_F_VIGENCIA, ESTADO, FK_ID_APROBACION)
VALUES ('TQ004', TO_DATE('2023-04-01', 'YYYY-MM-DD'), TO_DATE('2023-04-30', 'YYYY-MM-DD'), 'INACTIVA', 'A004');

-- Insertar tiquetera 5
INSERT INTO TIQUETERA (CODIGO_TIQUETERA, FECHA_I_VIGENCIA, FECHA_F_VIGENCIA, ESTADO, FK_ID_APROBACION)
VALUES ('TQ005', TO_DATE('2023-05-01', 'YYYY-MM-DD'), TO_DATE('2023-05-31', 'YYYY-MM-DD'), 'ACTIVA', 'A005');

-- Insertar ticket 1
INSERT INTO TICKET (CODIGO, CODIGO_TIQUETERA, FECHA, RECLAMADO)
VALUES ('T001', 'TQ001', TO_DATE('2023-01-05', 'YYYY-MM-DD'), 'NO');

-- Insertar ticket 2
INSERT INTO TICKET (CODIGO, CODIGO_TIQUETERA, FECHA, RECLAMADO)
VALUES ('T002', 'TQ002', TO_DATE('2023-02-10', 'YYYY-MM-DD'), 'SI');

-- Insertar ticket 3
INSERT INTO TICKET (CODIGO, CODIGO_TIQUETERA, FECHA, RECLAMADO)
VALUES ('T003', 'TQ003', TO_DATE('2023-03-15', 'YYYY-MM-DD'), 'NO');

-- Insertar ticket 4
INSERT INTO TICKET (CODIGO, CODIGO_TIQUETERA, FECHA, RECLAMADO)
VALUES ('T004', 'TQ001', TO_DATE('2023-04-20', 'YYYY-MM-DD'), 'SI');

-- Insertar ticket 5
INSERT INTO TICKET (CODIGO, CODIGO_TIQUETERA, FECHA, RECLAMADO)
VALUES ('T005', 'TQ002', TO_DATE('2023-05-25', 'YYYY-MM-DD'), 'NO');




















